
[{
    "id": 1,
    "quote": "What you do in this world is a matter of no consequence. The question is what can you make people believe you have done.",
    "story": "A Study in Scarlet"
  },
  {
    "id": 2,
    "quote": "Mediocrity knows nothing higher than itself; but talent instantly recognizes genius.",
    "story": "The Valley of Fear"
  }, {
    "id": 3,
    "quote": "My mind rebels at stagnation. Give me problems, give me work, give me the most abstruse cryptogram or the most intricate analysis, and I am in my own proper atmosphere.",
    "story": "The Sign of Four"
  },
  {
    "id": 4,
    "quote": "Education never ends, Watson. It is a series of lessons, with the greatest for the last.",
    "story": "His Last Bow"
  },
  {
    "id": 5,
    "quote": "When you have eliminated the impossible, whatever remains, however improbable, must be the truth.",
    "story": "The Sign of Four"
  },
  {
    "id": 6,
    "quote": "My name is Sherlock Holmes. It is my business to know what other people do not know.",
    "story": "The Adventure of the Blue Carbuncle"
  }, {
    "id": 7,
    "quote": "It is a capital mistake to theorize before one has data. Insensibly one begins to twist facts to suit theories, instead of theories to suit facts.",
    "story": "A Scandal in Bohemia"
  },
  {
    "id": 8,
    "quote": "To a great mind, nothing is little.",
    "story": "A Study in Scarlet"
  }
]